"","id","gender","time","performance","feedback","activity"
"1",1,1,1,96.4525103,"negative","emg_bi"
"2",1,1,2,101.19486,"negative","emg_bi"
"3",1,1,3,99.5946483,"negative","emg_bi"
"4",1,1,4,98.4448271,"negative","emg_bi"
"5",1,1,5,95.8855478,"negative","emg_bi"
"6",1,1,6,96.4154193,"negative","emg_bi"
"7",1,1,7,94.6297523,"negative","emg_bi"
"8",1,1,8,94.7516227,"negative","emg_bi"
"9",1,1,9,94.4707908,"negative","emg_bi"
"10",1,1,10,94.3966088,"negative","emg_bi"
"11",1,1,11,91.3392502,"negative","emg_bi"
"12",1,1,12,92.2877202,"negative","emg_bi"
"13",2,1,1,88.5851022,"negative","emg_bi"
"14",2,1,2,92.7663667,"negative","emg_bi"
"15",2,1,3,88.6858556,"negative","emg_bi"
"16",2,1,4,88.7682902,"negative","emg_bi"
"17",2,1,5,87.8889881,"negative","emg_bi"
"18",2,1,6,91.6855579,"negative","emg_bi"
"19",2,1,7,87.9897415,"negative","emg_bi"
"20",2,1,8,87.9943212,"negative","emg_bi"
"21",2,1,9,86.3410501,"negative","emg_bi"
"22",2,1,10,87.2295116,"negative","emg_bi"
"23",2,1,11,89.5422592,"negative","emg_bi"
"24",2,1,12,88.9652172,"negative","emg_bi"
"25",3,1,1,93.6981357,"negative","emg_bi"
"26",3,1,2,105.505873,"negative","emg_bi"
"27",3,1,3,115.441259,"negative","emg_bi"
"28",3,1,4,113.050064,"negative","emg_bi"
"29",3,1,5,157.300076,"negative","emg_bi"
"30",3,1,6,158.676141,"negative","emg_bi"
"31",3,1,7,134.62561,"negative","emg_bi"
"32",3,1,8,137.861137,"negative","emg_bi"
"33",3,1,9,132.134513,"negative","emg_bi"
"34",3,1,10,124.596768,"negative","emg_bi"
"35",3,1,11,148.592514,"negative","emg_bi"
"36",3,1,12,126.114629,"negative","emg_bi"
"37",4,1,1,72.7725118,"negative","emg_bi"
"38",4,1,2,78.771722,"negative","emg_bi"
"39",4,1,3,82.5157978,"negative","emg_bi"
"40",4,1,4,90.0947867,"negative","emg_bi"
"41",4,1,5,88.4439179,"negative","emg_bi"
"42",4,1,6,95.0592417,"negative","emg_bi"
"43",4,1,7,94.2417062,"negative","emg_bi"
"44",4,1,8,100.323855,"negative","emg_bi"
"45",4,1,9,106.563981,"negative","emg_bi"
"46",4,1,10,107.626382,"negative","emg_bi"
"47",4,1,11,86.9036335,"negative","emg_bi"
"48",4,1,12,93.6887836,"negative","emg_bi"
"49",5,1,1,95.5617301,"negative","emg_bi"
"50",5,1,2,95.227323,"negative","emg_bi"
"51",5,1,3,92.8864737,"negative","emg_bi"
"52",5,1,4,93.7323268,"negative","emg_bi"
"53",5,1,5,93.0930193,"negative","emg_bi"
"54",5,1,6,94.7404657,"negative","emg_bi"
"55",5,1,7,93.5552878,"negative","emg_bi"
"56",5,1,8,93.373331,"negative","emg_bi"
"57",5,1,9,90.94888,"negative","emg_bi"
"58",5,1,10,90.2112174,"negative","emg_bi"
"59",5,1,11,89.2866803,"negative","emg_bi"
"60",5,1,12,88.4309917,"negative","emg_bi"
"61",6,1,1,106.483845,"negative","emg_bi"
"62",6,1,2,114.981778,"negative","emg_bi"
"63",6,1,3,123.916275,"negative","emg_bi"
"64",6,1,4,100.202601,"negative","emg_bi"
"65",6,1,5,112.134707,"negative","emg_bi"
"66",6,1,6,116.690397,"negative","emg_bi"
"67",6,1,7,107.157508,"negative","emg_bi"
"68",6,1,8,103.666882,"negative","emg_bi"
"69",6,1,9,108.570694,"negative","emg_bi"
"70",6,1,10,100.676799,"negative","emg_bi"
"71",6,1,11,80.9335934,"negative","emg_bi"
"72",6,1,12,106.685191,"negative","emg_bi"
"73",7,1,1,98.7948885,"negative","emg_bi"
"74",7,1,2,101.0111,"negative","emg_bi"
"75",7,1,3,109.019681,"negative","emg_bi"
"76",7,1,4,102.012872,"negative","emg_bi"
"77",7,1,5,101.509188,"negative","emg_bi"
"78",7,1,6,109.713646,"negative","emg_bi"
"79",7,1,7,103.708609,"negative","emg_bi"
"80",7,1,8,100.434661,"negative","emg_bi"
"81",7,1,9,99.5448186,"negative","emg_bi"
"82",7,1,10,99.5783975,"negative","emg_bi"
"83",7,1,11,96.7465721,"negative","emg_bi"
"84",7,1,12,95.8231508,"negative","emg_bi"
"85",8,1,1,95.668812,"negative","emg_bi"
"86",8,1,2,94.3369033,"negative","emg_bi"
"87",8,1,3,96.7075019,"negative","emg_bi"
"88",8,1,4,96.0663966,"negative","emg_bi"
"89",8,1,5,95.4700196,"negative","emg_bi"
"90",8,1,6,96.5534379,"negative","emg_bi"
"91",8,1,7,95.2513481,"negative","emg_bi"
"92",8,1,8,94.058594,"negative","emg_bi"
"93",8,1,9,93.074572,"negative","emg_bi"
"94",8,1,10,91.076709,"negative","emg_bi"
"95",8,1,11,92.6521383,"negative","emg_bi"
"96",8,1,12,93.3677907,"negative","emg_bi"
"97",9,1,1,107.87527,"negative","emg_bi"
"98",9,1,2,97.8986187,"negative","emg_bi"
"99",9,1,3,96.2314793,"negative","emg_bi"
"100",9,1,4,105.296005,"negative","emg_bi"
"101",9,1,5,107.133349,"negative","emg_bi"
"102",9,1,6,108.726297,"negative","emg_bi"
"103",9,1,7,111.66343,"negative","emg_bi"
"104",9,1,8,93.6653065,"negative","emg_bi"
"105",9,1,9,95.1840618,"negative","emg_bi"
"106",9,1,10,108.041111,"negative","emg_bi"
"107",9,1,11,96.3100356,"negative","emg_bi"
"108",9,1,12,97.9422611,"negative","emg_bi"
"109",10,1,1,96.5042581,"negative","emg_bi"
"110",10,1,2,97.0836147,"negative","emg_bi"
"111",10,1,3,94.143271,"negative","emg_bi"
"112",10,1,4,95.7767952,"negative","emg_bi"
"113",10,1,5,93.7250888,"negative","emg_bi"
"114",10,1,6,92.056716,"negative","emg_bi"
"115",10,1,7,92.2353146,"negative","emg_bi"
"116",10,1,8,89.1860693,"negative","emg_bi"
"117",10,1,9,86.3633394,"negative","emg_bi"
"118",10,1,10,86.8381504,"negative","emg_bi"
"119",10,1,11,87.3521661,"negative","emg_bi"
"120",10,1,12,87.8574696,"negative","emg_bi"
"121",11,1,1,95.6330477,"negative","emg_bi"
"122",11,1,2,93.4885213,"negative","emg_bi"
"123",11,1,3,97.1864547,"negative","emg_bi"
"124",11,1,4,91.687669,"negative","emg_bi"
"125",11,1,5,92.686615,"negative","emg_bi"
"126",11,1,6,91.5960225,"negative","emg_bi"
"127",11,1,7,92.1550658,"negative","emg_bi"
"128",11,1,8,94.4049856,"negative","emg_bi"
"129",11,1,9,91.2706777,"negative","emg_bi"
"130",11,1,10,92.4529166,"negative","emg_bi"
"131",11,1,11,91.2844247,"negative","emg_bi"
"132",11,1,12,92.8744902,"negative","emg_bi"
"133",12,2,1,85.1231205,"negative","emg_bi"
"134",12,2,2,96.6027457,"negative","emg_bi"
"135",12,2,3,109.948791,"negative","emg_bi"
"136",12,2,4,65.5633036,"negative","emg_bi"
"137",12,2,5,72.9962955,"negative","emg_bi"
"138",12,2,6,80.131837,"negative","emg_bi"
"139",12,2,7,87.9505339,"negative","emg_bi"
"140",12,2,8,83.0213554,"negative","emg_bi"
"141",12,2,9,81.2922205,"negative","emg_bi"
"142",12,2,10,61.4284158,"negative","emg_bi"
"143",12,2,11,62.5495751,"negative","emg_bi"
"144",12,2,12,55.0152539,"negative","emg_bi"
"145",13,2,1,105.121964,"negative","emg_bi"
"146",13,2,2,100.753441,"negative","emg_bi"
"147",13,2,3,99.9731553,"negative","emg_bi"
"148",13,2,4,125.427278,"negative","emg_bi"
"149",13,2,5,123.064946,"negative","emg_bi"
"150",13,2,6,119.806002,"negative","emg_bi"
"151",13,2,7,111.863557,"negative","emg_bi"
"152",13,2,8,129.709899,"negative","emg_bi"
"153",13,2,9,100.45457,"negative","emg_bi"
"154",13,2,10,104.622653,"negative","emg_bi"
"155",13,2,11,103.038817,"negative","emg_bi"
"156",13,2,12,108.579559,"negative","emg_bi"
"157",14,2,1,97.6023058,"negative","emg_bi"
"158",14,2,2,96.7277064,"negative","emg_bi"
"159",14,2,3,96.4345169,"negative","emg_bi"
"160",14,2,4,93.6666087,"negative","emg_bi"
"161",14,2,5,81.4768803,"negative","emg_bi"
"162",14,2,6,86.6052128,"negative","emg_bi"
"163",14,2,7,90.9633016,"negative","emg_bi"
"164",14,2,8,85.2833752,"negative","emg_bi"
"165",14,2,9,88.5631227,"negative","emg_bi"
"166",14,2,10,88.2401173,"negative","emg_bi"
"167",14,2,11,83.0869382,"negative","emg_bi"
"168",14,2,12,86.5803662,"negative","emg_bi"
"169",15,2,1,70.3006054,"negative","emg_bi"
"170",15,2,2,86.3448276,"negative","emg_bi"
"171",15,2,3,82.2111082,"negative","emg_bi"
"172",15,2,4,76.5738352,"negative","emg_bi"
"173",15,2,5,73.2845486,"negative","emg_bi"
"174",15,2,6,67.2956041,"negative","emg_bi"
"175",15,2,7,62.8986575,"negative","emg_bi"
"176",15,2,8,80.3432482,"negative","emg_bi"
"177",15,2,9,80.0084233,"negative","emg_bi"
"178",15,2,10,82.2974467,"negative","emg_bi"
"179",15,2,11,77.1613583,"negative","emg_bi"
"180",15,2,12,85.7193998,"negative","emg_bi"
"181",16,2,1,98.1081081,"negative","emg_bi"
"182",16,2,2,98.5681426,"negative","emg_bi"
"183",16,2,3,100.782059,"negative","emg_bi"
"184",16,2,4,105.503163,"negative","emg_bi"
"185",16,2,5,104.39908,"negative","emg_bi"
"186",16,2,6,99.9712478,"negative","emg_bi"
"187",16,2,7,99.1719379,"negative","emg_bi"
"188",16,2,8,98.3381254,"negative","emg_bi"
"189",16,2,9,97.8205865,"negative","emg_bi"
"190",16,2,10,96.6359977,"negative","emg_bi"
"191",16,2,11,99.3156987,"negative","emg_bi"
"192",16,2,12,96.0552041,"negative","emg_bi"
"193",17,2,1,85.6410369,"negative","emg_bi"
"194",17,2,2,104.42102,"negative","emg_bi"
"195",17,2,3,120.573478,"negative","emg_bi"
"196",17,2,4,108.932265,"negative","emg_bi"
"197",17,2,5,107.814357,"negative","emg_bi"
"198",17,2,6,92.0448044,"negative","emg_bi"
"199",17,2,7,92.7732054,"negative","emg_bi"
"200",17,2,8,106.573214,"negative","emg_bi"
"201",17,2,9,108.454734,"negative","emg_bi"
"202",17,2,10,100.277277,"negative","emg_bi"
"203",17,2,11,108.483341,"negative","emg_bi"
"204",17,2,12,107.882576,"negative","emg_bi"
"205",18,2,1,82.5141804,"negative","emg_bi"
"206",18,2,2,106.990873,"negative","emg_bi"
"207",18,2,3,99.2225965,"negative","emg_bi"
"208",18,2,4,105.890991,"negative","emg_bi"
"209",18,2,5,106.92177,"negative","emg_bi"
"210",18,2,6,90.0031672,"negative","emg_bi"
"211",18,2,7,91.4687167,"negative","emg_bi"
"212",18,2,8,100.014396,"negative","emg_bi"
"213",18,2,9,92.456307,"negative","emg_bi"
"214",18,2,10,87.3168063,"negative","emg_bi"
"215",18,2,11,90.4926435,"negative","emg_bi"
"216",18,2,12,85.0968875,"negative","emg_bi"
"217",19,2,1,67.2203512,"negative","emg_bi"
"218",19,2,2,65.4579341,"negative","emg_bi"
"219",19,2,3,74.8716607,"negative","emg_bi"
"220",19,2,4,71.5626328,"negative","emg_bi"
"221",19,2,5,92.6789393,"negative","emg_bi"
"222",19,2,6,67.910277,"negative","emg_bi"
"223",19,2,7,68.1718602,"negative","emg_bi"
"224",19,2,8,70.1991302,"negative","emg_bi"
"225",19,2,9,86.9175686,"negative","emg_bi"
"226",19,2,10,72.4356669,"negative","emg_bi"
"227",19,2,11,73.5931727,"negative","emg_bi"
"228",19,2,12,85.4265442,"negative","emg_bi"
"229",20,2,1,99.4787441,"negative","emg_bi"
"230",20,2,2,99.5760993,"negative","emg_bi"
"231",20,2,3,99.8499108,"negative","emg_bi"
"232",20,2,4,99.904673,"negative","emg_bi"
"233",20,2,5,100.093299,"negative","emg_bi"
"234",20,2,6,99.6977933,"negative","emg_bi"
"235",20,2,7,99.6004381,"negative","emg_bi"
"236",20,2,8,99.6126075,"negative","emg_bi"
"237",20,2,9,100.214993,"negative","emg_bi"
"238",20,2,10,99.9411812,"negative","emg_bi"
"239",20,2,11,99.8438261,"negative","emg_bi"
"240",20,2,12,100.099383,"negative","emg_bi"
"241",21,2,1,77.0421548,"negative","emg_bi"
"242",21,2,2,98.5122782,"negative","emg_bi"
"243",21,2,3,135.739543,"negative","emg_bi"
"244",21,2,4,139.532989,"negative","emg_bi"
"245",21,2,5,121.898678,"negative","emg_bi"
"246",21,2,6,107.396242,"negative","emg_bi"
"247",21,2,7,97.5280679,"negative","emg_bi"
"248",21,2,8,100.695791,"negative","emg_bi"
"249",21,2,9,87.4806498,"negative","emg_bi"
"250",21,2,10,76.3610292,"negative","emg_bi"
"251",21,2,11,78.1860548,"negative","emg_bi"
"252",21,2,12,71.3356907,"negative","emg_bi"
"253",22,2,1,95.2210461,"negative","emg_bi"
"254",22,2,2,97.2164044,"negative","emg_bi"
"255",22,2,3,93.6290049,"negative","emg_bi"
"256",22,2,4,106.806861,"negative","emg_bi"
"257",22,2,5,91.7015736,"negative","emg_bi"
"258",22,2,6,85.7452168,"negative","emg_bi"
"259",22,2,7,84.645647,"negative","emg_bi"
"260",22,2,8,83.3762595,"negative","emg_bi"
"261",22,2,9,88.572682,"negative","emg_bi"
"262",22,2,10,85.8004076,"negative","emg_bi"
"263",22,2,11,85.5414355,"negative","emg_bi"
"264",22,2,12,84.1871391,"negative","emg_bi"
"265",1,1,1,94.6304692,"positive","emg_bi"
"266",1,1,2,101.327361,"positive","emg_bi"
"267",1,1,3,101.425684,"positive","emg_bi"
"268",1,1,4,99.3281259,"positive","emg_bi"
"269",1,1,5,98.0062271,"positive","emg_bi"
"270",1,1,6,96.7389523,"positive","emg_bi"
"271",1,1,7,95.2750314,"positive","emg_bi"
"272",1,1,8,97.0066095,"positive","emg_bi"
"273",1,1,9,94.8653521,"positive","emg_bi"
"274",1,1,10,94.5649205,"positive","emg_bi"
"275",1,1,11,97.3234282,"positive","emg_bi"
"276",1,1,12,96.0452286,"positive","emg_bi"
"277",2,1,1,71.8717944,"positive","emg_bi"
"278",2,1,2,80.2680478,"positive","emg_bi"
"279",2,1,3,83.3336136,"positive","emg_bi"
"280",2,1,4,79.9384533,"positive","emg_bi"
"281",2,1,5,80.2310525,"positive","emg_bi"
"282",2,1,6,90.1172079,"positive","emg_bi"
"283",2,1,7,76.9805102,"positive","emg_bi"
"284",2,1,8,77.8280391,"positive","emg_bi"
"285",2,1,9,82.4104125,"positive","emg_bi"
"286",2,1,10,84.5275531,"positive","emg_bi"
"287",2,1,11,84.9210486,"positive","emg_bi"
"288",2,1,12,72.5393916,"positive","emg_bi"
"289",3,1,1,94.8163492,"positive","emg_bi"
"290",3,1,2,102.809074,"positive","emg_bi"
"291",3,1,3,112.514525,"positive","emg_bi"
"292",3,1,4,108.361542,"positive","emg_bi"
"293",3,1,5,99.3179407,"positive","emg_bi"
"294",3,1,6,96.564442,"positive","emg_bi"
"295",3,1,7,102.708028,"positive","emg_bi"
"296",3,1,8,98.3377962,"positive","emg_bi"
"297",3,1,9,95.836912,"positive","emg_bi"
"298",3,1,10,108.962765,"positive","emg_bi"
"299",3,1,11,98.2872733,"positive","emg_bi"
"300",3,1,12,98.4691558,"positive","emg_bi"
"301",4,1,1,68.0566366,"positive","emg_bi"
"302",4,1,2,68.4893091,"positive","emg_bi"
"303",4,1,3,71.7343528,"positive","emg_bi"
"304",4,1,4,78.3343254,"positive","emg_bi"
"305",4,1,5,76.8989515,"positive","emg_bi"
"306",4,1,6,82.6507486,"positive","emg_bi"
"307",4,1,7,81.9399295,"positive","emg_bi"
"308",4,1,8,87.2281489,"positive","emg_bi"
"309",4,1,9,92.6537246,"positive","emg_bi"
"310",4,1,10,93.5774461,"positive","emg_bi"
"311",4,1,11,75.5597271,"positive","emg_bi"
"312",4,1,12,81.4591823,"positive","emg_bi"
"313",5,1,1,95.6694714,"positive","emg_bi"
"314",5,1,2,93.3007134,"positive","emg_bi"
"315",5,1,3,90.735321,"positive","emg_bi"
"316",5,1,4,90.2002927,"positive","emg_bi"
"317",5,1,5,85.7234315,"positive","emg_bi"
"318",5,1,6,87.5160051,"positive","emg_bi"
"319",5,1,7,85.7371502,"positive","emg_bi"
"320",5,1,8,85.6502652,"positive","emg_bi"
"321",5,1,9,84.7173953,"positive","emg_bi"
"322",5,1,10,86.4093653,"positive","emg_bi"
"323",5,1,11,84.4384489,"positive","emg_bi"
"324",5,1,12,84.5207609,"positive","emg_bi"
"325",6,1,1,82.5936612,"positive","emg_bi"
"326",6,1,2,70.4052629,"positive","emg_bi"
"327",6,1,3,76.3260303,"positive","emg_bi"
"328",6,1,4,77.7423896,"positive","emg_bi"
"329",6,1,5,76.200774,"positive","emg_bi"
"330",6,1,6,69.6376668,"positive","emg_bi"
"331",6,1,7,60.4538131,"positive","emg_bi"
"332",6,1,8,73.8401751,"positive","emg_bi"
"333",6,1,9,63.5322267,"positive","emg_bi"
"334",6,1,10,73.6169621,"positive","emg_bi"
"335",6,1,11,74.0521473,"positive","emg_bi"
"336",6,1,12,67.2818855,"positive","emg_bi"
"337",7,1,1,96.2497997,"positive","emg_bi"
"338",7,1,2,97.3449436,"positive","emg_bi"
"339",7,1,3,98.1569528,"positive","emg_bi"
"340",7,1,4,103.573909,"positive","emg_bi"
"341",7,1,5,101.741546,"positive","emg_bi"
"342",7,1,6,104.620973,"positive","emg_bi"
"343",7,1,7,107.190555,"positive","emg_bi"
"344",7,1,8,95.293552,"positive","emg_bi"
"345",7,1,9,93.6962445,"positive","emg_bi"
"346",7,1,10,92.2859127,"positive","emg_bi"
"347",7,1,11,90.9610556,"positive","emg_bi"
"348",7,1,12,93.4077675,"positive","emg_bi"
"349",8,1,1,98.277847,"positive","emg_bi"
"350",8,1,2,97.0984188,"positive","emg_bi"
"351",8,1,3,95.1389705,"positive","emg_bi"
"352",8,1,4,91.1307944,"positive","emg_bi"
"353",8,1,5,86.7138125,"positive","emg_bi"
"354",8,1,6,89.1196579,"positive","emg_bi"
"355",8,1,7,90.6515048,"positive","emg_bi"
"356",8,1,8,90.5387308,"positive","emg_bi"
"357",8,1,9,89.4767756,"positive","emg_bi"
"358",8,1,10,90.4588492,"positive","emg_bi"
"359",8,1,11,88.3349388,"positive","emg_bi"
"360",8,1,12,87.2917792,"positive","emg_bi"
"361",9,1,1,78.1405787,"positive","emg_bi"
"362",9,1,2,76.3451739,"positive","emg_bi"
"363",9,1,3,79.1891246,"positive","emg_bi"
"364",9,1,4,79.3289307,"positive","emg_bi"
"365",9,1,5,79.1339379,"positive","emg_bi"
"366",9,1,6,80.1493718,"positive","emg_bi"
"367",9,1,7,73.1590662,"positive","emg_bi"
"368",9,1,8,81.3303655,"positive","emg_bi"
"369",9,1,9,79.8734387,"positive","emg_bi"
"370",9,1,10,87.0513787,"positive","emg_bi"
"371",9,1,11,85.7268998,"positive","emg_bi"
"372",9,1,12,82.5260757,"positive","emg_bi"
"373",10,1,1,91.208516,"positive","emg_bi"
"374",10,1,2,86.8545189,"positive","emg_bi"
"375",10,1,3,86.5581298,"positive","emg_bi"
"376",10,1,4,89.0294302,"positive","emg_bi"
"377",10,1,5,84.5001044,"positive","emg_bi"
"378",10,1,6,83.9490712,"positive","emg_bi"
"379",10,1,7,89.3592152,"positive","emg_bi"
"380",10,1,8,88.7580881,"positive","emg_bi"
"381",10,1,9,86.2492173,"positive","emg_bi"
"382",10,1,10,83.9574202,"positive","emg_bi"
"383",10,1,11,87.489042,"positive","emg_bi"
"384",10,1,12,89.171363,"positive","emg_bi"
"385",11,1,1,99.9642678,"positive","emg_bi"
"386",11,1,2,102.241597,"positive","emg_bi"
"387",11,1,3,99.4592534,"positive","emg_bi"
"388",11,1,4,101.75564,"positive","emg_bi"
"389",11,1,5,97.7726959,"positive","emg_bi"
"390",11,1,6,97.8060459,"positive","emg_bi"
"391",11,1,7,97.04376,"positive","emg_bi"
"392",11,1,8,98.3634674,"positive","emg_bi"
"393",11,1,9,95.3238524,"positive","emg_bi"
"394",11,1,10,100.388289,"positive","emg_bi"
"395",11,1,11,96.1718955,"positive","emg_bi"
"396",11,1,12,95.0379952,"positive","emg_bi"
"397",12,2,1,101.988399,"positive","emg_bi"
"398",12,2,2,95.728769,"positive","emg_bi"
"399",12,2,3,81.7874003,"positive","emg_bi"
"400",12,2,4,85.2734785,"positive","emg_bi"
"401",12,2,5,95.8671522,"positive","emg_bi"
"402",12,2,6,82.89741,"positive","emg_bi"
"403",12,2,7,90.858859,"positive","emg_bi"
"404",12,2,8,88.7153919,"positive","emg_bi"
"405",12,2,9,69.9423894,"positive","emg_bi"
"406",12,2,10,75.9429194,"positive","emg_bi"
"407",12,2,11,73.1340354,"positive","emg_bi"
"408",12,2,12,66.5181419,"positive","emg_bi"
"409",13,2,1,95.2949546,"positive","emg_bi"
"410",13,2,2,130.547226,"positive","emg_bi"
"411",13,2,3,145.661003,"positive","emg_bi"
"412",13,2,4,153.073813,"positive","emg_bi"
"413",13,2,5,159.915714,"positive","emg_bi"
"414",13,2,6,162.483904,"positive","emg_bi"
"415",13,2,7,168.245221,"positive","emg_bi"
"416",13,2,8,141.248616,"positive","emg_bi"
"417",13,2,9,103.015732,"positive","emg_bi"
"418",13,2,10,159.38983,"positive","emg_bi"
"419",13,2,11,116.632898,"positive","emg_bi"
"420",13,2,12,87.7776877,"positive","emg_bi"
"421",14,2,1,67.3587412,"positive","emg_bi"
"422",14,2,2,58.1290541,"positive","emg_bi"
"423",14,2,3,68.1142053,"positive","emg_bi"
"424",14,2,4,59.4602339,"positive","emg_bi"
"425",14,2,5,61.6771303,"positive","emg_bi"
"426",14,2,6,57.9362805,"positive","emg_bi"
"427",14,2,7,58.9782999,"positive","emg_bi"
"428",14,2,8,54.851903,"positive","emg_bi"
"429",14,2,9,59.5618308,"positive","emg_bi"
"430",14,2,10,60.05158,"positive","emg_bi"
"431",14,2,11,62.2919217,"positive","emg_bi"
"432",14,2,12,59.8588064,"positive","emg_bi"
"433",15,2,1,93.9937485,"positive","emg_bi"
"434",15,2,2,90.4736716,"positive","emg_bi"
"435",15,2,3,85.6119259,"positive","emg_bi"
"436",15,2,4,86.2899736,"positive","emg_bi"
"437",15,2,5,82.5438807,"positive","emg_bi"
"438",15,2,6,88.7617216,"positive","emg_bi"
"439",15,2,7,87.5066122,"positive","emg_bi"
"440",15,2,8,88.68478,"positive","emg_bi"
"441",15,2,9,87.3911998,"positive","emg_bi"
"442",15,2,10,87.5691272,"positive","emg_bi"
"443",15,2,11,86.2370762,"positive","emg_bi"
"444",15,2,12,87.8047608,"positive","emg_bi"
"445",16,2,1,96.9274251,"positive","emg_bi"
"446",16,2,2,94.3242484,"positive","emg_bi"
"447",16,2,3,91.1905195,"positive","emg_bi"
"448",16,2,4,90.2137084,"positive","emg_bi"
"449",16,2,5,88.3443796,"positive","emg_bi"
"450",16,2,6,86.8122242,"positive","emg_bi"
"451",16,2,7,87.4121944,"positive","emg_bi"
"452",16,2,8,88.0220815,"positive","emg_bi"
"453",16,2,9,85.5874915,"positive","emg_bi"
"454",16,2,10,84.8189346,"positive","emg_bi"
"455",16,2,11,86.3709238,"positive","emg_bi"
"456",16,2,12,85.1660248,"positive","emg_bi"
"457",17,2,1,95.1205692,"positive","emg_bi"
"458",17,2,2,92.6902978,"positive","emg_bi"
"459",17,2,3,93.0344813,"positive","emg_bi"
"460",17,2,4,93.2653361,"positive","emg_bi"
"461",17,2,5,99.3976789,"positive","emg_bi"
"462",17,2,6,91.1330773,"positive","emg_bi"
"463",17,2,7,92.7112846,"positive","emg_bi"
"464",17,2,8,88.9924238,"positive","emg_bi"
"465",17,2,9,88.0606099,"positive","emg_bi"
"466",17,2,10,92.505614,"positive","emg_bi"
"467",17,2,11,95.049214,"positive","emg_bi"
"468",17,2,12,94.2852945,"positive","emg_bi"
"469",18,2,1,98.3191915,"positive","emg_bi"
"470",18,2,2,96.2600659,"positive","emg_bi"
"471",18,2,3,97.7463114,"positive","emg_bi"
"472",18,2,4,95.8493217,"positive","emg_bi"
"473",18,2,5,95.1143058,"positive","emg_bi"
"474",18,2,6,94.2603902,"positive","emg_bi"
"475",18,2,7,93.6388694,"positive","emg_bi"
"476",18,2,8,93.3362157,"positive","emg_bi"
"477",18,2,9,90.6069286,"positive","emg_bi"
"478",18,2,10,92.5957953,"positive","emg_bi"
"479",18,2,11,91.1365724,"positive","emg_bi"
"480",18,2,12,89.4125277,"positive","emg_bi"
"481",19,2,1,58.2102416,"positive","emg_bi"
"482",19,2,2,75.6167235,"positive","emg_bi"
"483",19,2,3,65.9166427,"positive","emg_bi"
"484",19,2,4,75.8785362,"positive","emg_bi"
"485",19,2,5,93.1516725,"positive","emg_bi"
"486",19,2,6,75.1288737,"positive","emg_bi"
"487",19,2,7,101.928091,"positive","emg_bi"
"488",19,2,8,79.1568871,"positive","emg_bi"
"489",19,2,9,115.288672,"positive","emg_bi"
"490",19,2,10,70.7089542,"positive","emg_bi"
"491",19,2,11,72.5058677,"positive","emg_bi"
"492",19,2,12,59.094876,"positive","emg_bi"
"493",20,2,1,90.2876789,"positive","emg_bi"
"494",20,2,2,84.2256939,"positive","emg_bi"
"495",20,2,3,91.5819809,"positive","emg_bi"
"496",20,2,4,110.495981,"positive","emg_bi"
"497",20,2,5,96.2687699,"positive","emg_bi"
"498",20,2,6,95.732848,"positive","emg_bi"
"499",20,2,7,95.3587138,"positive","emg_bi"
"500",20,2,8,91.0106679,"positive","emg_bi"
"501",20,2,9,92.5982102,"positive","emg_bi"
"502",20,2,10,86.2985995,"positive","emg_bi"
"503",20,2,11,88.4321755,"positive","emg_bi"
"504",20,2,12,86.7081248,"positive","emg_bi"
"505",21,2,1,98.6998561,"positive","emg_bi"
"506",21,2,2,96.0490773,"positive","emg_bi"
"507",21,2,3,92.8580445,"positive","emg_bi"
"508",21,2,4,91.8633713,"positive","emg_bi"
"509",21,2,5,89.9598596,"positive","emg_bi"
"510",21,2,6,88.399687,"positive","emg_bi"
"511",21,2,7,89.0106284,"positive","emg_bi"
"512",21,2,8,89.631668,"positive","emg_bi"
"513",21,2,9,87.1525586,"positive","emg_bi"
"514",21,2,10,86.3699477,"positive","emg_bi"
"515",21,2,11,87.9503168,"positive","emg_bi"
"516",21,2,12,86.7233849,"positive","emg_bi"
"517",22,2,1,90.2806678,"positive","emg_bi"
"518",22,2,2,92.348746,"positive","emg_bi"
"519",22,2,3,90.5189256,"positive","emg_bi"
"520",22,2,4,92.1867306,"positive","emg_bi"
"521",22,2,5,89.6611973,"positive","emg_bi"
"522",22,2,6,98.9151326,"positive","emg_bi"
"523",22,2,7,89.2609241,"positive","emg_bi"
"524",22,2,8,94.3310514,"positive","emg_bi"
"525",22,2,9,90.7857744,"positive","emg_bi"
"526",22,2,10,92.2153216,"positive","emg_bi"
"527",22,2,11,89.8375081,"positive","emg_bi"
"528",22,2,12,86.8735804,"positive","emg_bi"
"529",1,1,1,91.1245907,"no feedback","emg_bi"
"530",1,1,2,106.155106,"no feedback","emg_bi"
"531",1,1,3,94.6003275,"no feedback","emg_bi"
"532",1,1,4,86.9045847,"no feedback","emg_bi"
"533",1,1,5,87.1167014,"no feedback","emg_bi"
"534",1,1,6,78.3938672,"no feedback","emg_bi"
"535",1,1,7,93.2345936,"no feedback","emg_bi"
"536",1,1,8,88.4563858,"no feedback","emg_bi"
"537",1,1,9,83.7563263,"no feedback","emg_bi"
"538",1,1,10,81.0360226,"no feedback","emg_bi"
"539",1,1,11,84.67922,"no feedback","emg_bi"
"540",1,1,12,81.352337,"no feedback","emg_bi"
"541",2,1,1,92.1914358,"no feedback","emg_bi"
"542",2,1,2,92.5328518,"no feedback","emg_bi"
"543",2,1,3,92.4190465,"no feedback","emg_bi"
"544",2,1,4,89.196079,"no feedback","emg_bi"
"545",2,1,5,88.6361567,"no feedback","emg_bi"
"546",2,1,6,88.9912294,"no feedback","emg_bi"
"547",2,1,7,88.8091408,"no feedback","emg_bi"
"548",2,1,8,88.7226488,"no feedback","emg_bi"
"549",2,1,9,90.1019696,"no feedback","emg_bi"
"550",2,1,10,86.0322904,"no feedback","emg_bi"
"551",2,1,11,86.7378835,"no feedback","emg_bi"
"552",2,1,12,85.8274407,"no feedback","emg_bi"
"553",3,1,1,100.234855,"no feedback","emg_bi"
"554",3,1,2,109.410195,"no feedback","emg_bi"
"555",3,1,3,111.550574,"no feedback","emg_bi"
"556",3,1,4,107.734187,"no feedback","emg_bi"
"557",3,1,5,102.96237,"no feedback","emg_bi"
"558",3,1,6,100.304243,"no feedback","emg_bi"
"559",3,1,7,101.104884,"no feedback","emg_bi"
"560",3,1,8,100.475047,"no feedback","emg_bi"
"561",3,1,9,95.7139045,"no feedback","emg_bi"
"562",3,1,10,97.7848946,"no feedback","emg_bi"
"563",3,1,11,98.142514,"no feedback","emg_bi"
"564",3,1,12,99.8505471,"no feedback","emg_bi"
"565",4,1,1,70.3249471,"no feedback","emg_bi"
"566",4,1,2,70.4509832,"no feedback","emg_bi"
"567",4,1,3,58.677913,"no feedback","emg_bi"
"568",4,1,4,60.1289447,"no feedback","emg_bi"
"569",4,1,5,59.295167,"no feedback","emg_bi"
"570",4,1,6,64.6468564,"no feedback","emg_bi"
"571",4,1,7,59.1400456,"no feedback","emg_bi"
"572",4,1,8,59.9899817,"no feedback","emg_bi"
"573",4,1,9,57.9701714,"no feedback","emg_bi"
"574",4,1,10,57.5338924,"no feedback","emg_bi"
"575",4,1,11,58.5938889,"no feedback","emg_bi"
"576",4,1,12,60.5846139,"no feedback","emg_bi"
"577",5,1,1,95.4629811,"no feedback","emg_bi"
"578",5,1,2,94.9306505,"no feedback","emg_bi"
"579",5,1,3,90.9552647,"no feedback","emg_bi"
"580",5,1,4,88.2545419,"no feedback","emg_bi"
"581",5,1,5,87.3363938,"no feedback","emg_bi"
"582",5,1,6,85.8712639,"no feedback","emg_bi"
"583",5,1,7,86.9749951,"no feedback","emg_bi"
"584",5,1,8,86.1301035,"no feedback","emg_bi"
"585",5,1,9,87.082438,"no feedback","emg_bi"
"586",5,1,10,85.7247509,"no feedback","emg_bi"
"587",5,1,11,85.4121899,"no feedback","emg_bi"
"588",5,1,12,85.0605587,"no feedback","emg_bi"
"589",6,1,1,90.424516,"no feedback","emg_bi"
"590",6,1,2,87.5485223,"no feedback","emg_bi"
"591",6,1,3,80.1818114,"no feedback","emg_bi"
"592",6,1,4,93.9144023,"no feedback","emg_bi"
"593",6,1,5,88.5381916,"no feedback","emg_bi"
"594",6,1,6,87.9280195,"no feedback","emg_bi"
"595",6,1,7,87.2248335,"no feedback","emg_bi"
"596",6,1,8,88.2740317,"no feedback","emg_bi"
"597",6,1,9,81.6960798,"no feedback","emg_bi"
"598",6,1,10,81.6700358,"no feedback","emg_bi"
"599",6,1,11,78.0908561,"no feedback","emg_bi"
"600",6,1,12,83.7907556,"no feedback","emg_bi"
"601",7,1,1,100.12609,"no feedback","emg_bi"
"602",7,1,2,102.299128,"no feedback","emg_bi"
"603",7,1,3,98.4681422,"no feedback","emg_bi"
"604",7,1,4,98.7203219,"no feedback","emg_bi"
"605",7,1,5,95.4473508,"no feedback","emg_bi"
"606",7,1,6,94.77666,"no feedback","emg_bi"
"607",7,1,7,94.2562039,"no feedback","emg_bi"
"608",7,1,8,93.778672,"no feedback","emg_bi"
"609",7,1,9,93.7733065,"no feedback","emg_bi"
"610",7,1,10,93.156271,"no feedback","emg_bi"
"611",7,1,11,95.2434608,"no feedback","emg_bi"
"612",7,1,12,93.0382294,"no feedback","emg_bi"
"613",8,1,1,97.457153,"no feedback","emg_bi"
"614",8,1,2,94.9499059,"no feedback","emg_bi"
"615",8,1,3,93.6937395,"no feedback","emg_bi"
"616",8,1,4,92.5698011,"no feedback","emg_bi"
"617",8,1,5,93.968367,"no feedback","emg_bi"
"618",8,1,6,90.4032955,"no feedback","emg_bi"
"619",8,1,7,90.3931241,"no feedback","emg_bi"
"620",8,1,8,92.605401,"no feedback","emg_bi"
"621",8,1,9,91.5780908,"no feedback","emg_bi"
"622",8,1,10,91.9798607,"no feedback","emg_bi"
"623",8,1,11,90.8508366,"no feedback","emg_bi"
"624",8,1,12,91.0898642,"no feedback","emg_bi"
"625",9,1,1,94.9690334,"no feedback","emg_bi"
"626",9,1,2,95.0218674,"no feedback","emg_bi"
"627",9,1,3,97.1660454,"no feedback","emg_bi"
"628",9,1,4,100.921659,"no feedback","emg_bi"
"629",9,1,5,99.0504564,"no feedback","emg_bi"
"630",9,1,6,97.4874519,"no feedback","emg_bi"
"631",9,1,7,96.9459039,"no feedback","emg_bi"
"632",9,1,8,93.2167073,"no feedback","emg_bi"
"633",9,1,9,89.7340691,"no feedback","emg_bi"
"634",9,1,10,92.5430743,"no feedback","emg_bi"
"635",9,1,11,89.5007191,"no feedback","emg_bi"
"636",9,1,12,100.97009,"no feedback","emg_bi"
"637",10,1,1,88.9221066,"no feedback","emg_bi"
"638",10,1,2,97.3953641,"no feedback","emg_bi"
"639",10,1,3,90.6503399,"no feedback","emg_bi"
"640",10,1,4,91.1663527,"no feedback","emg_bi"
"641",10,1,5,89.5568843,"no feedback","emg_bi"
"642",10,1,6,93.0420182,"no feedback","emg_bi"
"643",10,1,7,89.8927021,"no feedback","emg_bi"
"644",10,1,8,88.7705791,"no feedback","emg_bi"
"645",10,1,9,86.7106233,"no feedback","emg_bi"
"646",10,1,10,87.5665493,"no feedback","emg_bi"
"647",10,1,11,88.5903841,"no feedback","emg_bi"
"648",10,1,12,86.4812843,"no feedback","emg_bi"
"649",11,1,1,97.3617328,"no feedback","emg_bi"
"650",11,1,2,92.9218866,"no feedback","emg_bi"
"651",11,1,3,91.9952318,"no feedback","emg_bi"
"652",11,1,4,89.5661366,"no feedback","emg_bi"
"653",11,1,5,88.4685455,"no feedback","emg_bi"
"654",11,1,6,85.9854704,"no feedback","emg_bi"
"655",11,1,7,88.6124918,"no feedback","emg_bi"
"656",11,1,8,86.5297677,"no feedback","emg_bi"
"657",11,1,9,87.9467398,"no feedback","emg_bi"
"658",11,1,10,89.5706349,"no feedback","emg_bi"
"659",11,1,11,90.2138953,"no feedback","emg_bi"
"660",11,1,12,87.2629945,"no feedback","emg_bi"
"661",12,2,1,97.3796861,"no feedback","emg_bi"
"662",12,2,2,96.8011415,"no feedback","emg_bi"
"663",12,2,3,96.671423,"no feedback","emg_bi"
"664",12,2,4,89.3708652,"no feedback","emg_bi"
"665",12,2,5,78.8792321,"no feedback","emg_bi"
"666",12,2,6,81.7356337,"no feedback","emg_bi"
"667",12,2,7,76.7518485,"no feedback","emg_bi"
"668",12,2,8,77.1098716,"no feedback","emg_bi"
"669",12,2,9,72.9977948,"no feedback","emg_bi"
"670",12,2,10,75.4624465,"no feedback","emg_bi"
"671",12,2,11,81.8705409,"no feedback","emg_bi"
"672",12,2,12,57.8388896,"no feedback","emg_bi"
"673",13,2,1,67.674043,"no feedback","emg_bi"
"674",13,2,2,63.6834195,"no feedback","emg_bi"
"675",13,2,3,78.4514183,"no feedback","emg_bi"
"676",13,2,4,89.7032268,"no feedback","emg_bi"
"677",13,2,5,86.414159,"no feedback","emg_bi"
"678",13,2,6,102.040175,"no feedback","emg_bi"
"679",13,2,7,135.765318,"no feedback","emg_bi"
"680",13,2,8,99.2423648,"no feedback","emg_bi"
"681",13,2,9,112.632488,"no feedback","emg_bi"
"682",13,2,10,135.729988,"no feedback","emg_bi"
"683",13,2,11,81.232405,"no feedback","emg_bi"
"684",13,2,12,152.506758,"no feedback","emg_bi"
"685",14,2,1,92.9963668,"no feedback","emg_bi"
"686",14,2,2,89.5733839,"no feedback","emg_bi"
"687",14,2,3,96.3553687,"no feedback","emg_bi"
"688",14,2,4,91.0312364,"no feedback","emg_bi"
"689",14,2,5,95.7658296,"no feedback","emg_bi"
"690",14,2,6,94.5227704,"no feedback","emg_bi"
"691",14,2,7,89.4956927,"no feedback","emg_bi"
"692",14,2,8,84.6271965,"no feedback","emg_bi"
"693",14,2,9,90.1217924,"no feedback","emg_bi"
"694",14,2,10,93.2385805,"no feedback","emg_bi"
"695",14,2,11,90.7707424,"no feedback","emg_bi"
"696",14,2,12,87.699655,"no feedback","emg_bi"
"697",15,2,1,95.4627314,"no feedback","emg_bi"
"698",15,2,2,90.7303652,"no feedback","emg_bi"
"699",15,2,3,87.8789395,"no feedback","emg_bi"
"700",15,2,4,90.7703852,"no feedback","emg_bi"
"701",15,2,5,90.3301651,"no feedback","emg_bi"
"702",15,2,6,85.4927464,"no feedback","emg_bi"
"703",15,2,7,90.6203102,"no feedback","emg_bi"
"704",15,2,8,85.8929465,"no feedback","emg_bi"
"705",15,2,9,89.0295148,"no feedback","emg_bi"
"706",15,2,10,84.7873937,"no feedback","emg_bi"
"707",15,2,11,86.198099,"no feedback","emg_bi"
"708",15,2,12,87.4087044,"no feedback","emg_bi"
"709",16,2,1,100.868021,"no feedback","emg_bi"
"710",16,2,2,101.49865,"no feedback","emg_bi"
"711",16,2,3,97.2310313,"no feedback","emg_bi"
"712",16,2,4,99.726365,"no feedback","emg_bi"
"713",16,2,5,95.6000942,"no feedback","emg_bi"
"714",16,2,6,97.1331751,"no feedback","emg_bi"
"715",16,2,7,99.7481108,"no feedback","emg_bi"
"716",16,2,8,96.3992534,"no feedback","emg_bi"
"717",16,2,9,96.4699273,"no feedback","emg_bi"
"718",16,2,10,98.8728413,"no feedback","emg_bi"
"719",16,2,11,94.2899081,"no feedback","emg_bi"
"720",16,2,12,91.7293369,"no feedback","emg_bi"
"721",17,2,1,75.6554865,"no feedback","emg_bi"
"722",17,2,2,82.4253001,"no feedback","emg_bi"
"723",17,2,3,93.9814421,"no feedback","emg_bi"
"724",17,2,4,103.070997,"no feedback","emg_bi"
"725",17,2,5,75.0404359,"no feedback","emg_bi"
"726",17,2,6,76.3024602,"no feedback","emg_bi"
"727",17,2,7,75.1808973,"no feedback","emg_bi"
"728",17,2,8,71.0394143,"no feedback","emg_bi"
"729",17,2,9,80.5865327,"no feedback","emg_bi"
"730",17,2,10,90.3634971,"no feedback","emg_bi"
"731",17,2,11,81.9656082,"no feedback","emg_bi"
"732",17,2,12,79.330893,"no feedback","emg_bi"
"733",18,2,1,99.3992383,"no feedback","emg_bi"
"734",18,2,2,98.5410073,"no feedback","emg_bi"
"735",18,2,3,99.23832,"no feedback","emg_bi"
"736",18,2,4,96.8299093,"no feedback","emg_bi"
"737",18,2,5,97.1034705,"no feedback","emg_bi"
"738",18,2,6,96.4490694,"no feedback","emg_bi"
"739",18,2,7,91.5303331,"no feedback","emg_bi"
"740",18,2,8,93.1716998,"no feedback","emg_bi"
"741",18,2,9,93.2038835,"no feedback","emg_bi"
"742",18,2,10,93.5149922,"no feedback","emg_bi"
"743",18,2,11,96.9210964,"no feedback","emg_bi"
"744",18,2,12,93.1985196,"no feedback","emg_bi"
"745",19,2,1,61.9684949,"no feedback","emg_bi"
"746",19,2,2,71.3241321,"no feedback","emg_bi"
"747",19,2,3,88.7445497,"no feedback","emg_bi"
"748",19,2,4,88.1347736,"no feedback","emg_bi"
"749",19,2,5,82.8115267,"no feedback","emg_bi"
"750",19,2,6,87.2274858,"no feedback","emg_bi"
"751",19,2,7,103.420975,"no feedback","emg_bi"
"752",19,2,8,75.2089958,"no feedback","emg_bi"
"753",19,2,9,75.3786513,"no feedback","emg_bi"
"754",19,2,10,75.8482772,"no feedback","emg_bi"
"755",19,2,11,55.0667147,"no feedback","emg_bi"
"756",19,2,12,94.3972724,"no feedback","emg_bi"
"757",20,2,1,97.8979212,"no feedback","emg_bi"
"758",20,2,2,102.307633,"no feedback","emg_bi"
"759",20,2,3,97.8571983,"no feedback","emg_bi"
"760",20,2,4,98.5611232,"no feedback","emg_bi"
"761",20,2,5,96.932206,"no feedback","emg_bi"
"762",20,2,6,97.5663202,"no feedback","emg_bi"
"763",20,2,7,96.8507602,"no feedback","emg_bi"
"764",20,2,8,97.4034285,"no feedback","emg_bi"
"765",20,2,9,96.3446323,"no feedback","emg_bi"
"766",20,2,10,96.8333075,"no feedback","emg_bi"
"767",20,2,11,96.8333075,"no feedback","emg_bi"
"768",20,2,12,96.879848,"no feedback","emg_bi"
"769",21,2,1,97.8223949,"no feedback","emg_bi"
"770",21,2,2,86.5136845,"no feedback","emg_bi"
"771",21,2,3,89.4887362,"no feedback","emg_bi"
"772",21,2,4,84.2267598,"no feedback","emg_bi"
"773",21,2,5,90.0245969,"no feedback","emg_bi"
"774",21,2,6,86.6132433,"no feedback","emg_bi"
"775",21,2,7,84.1330574,"no feedback","emg_bi"
"776",21,2,8,91.4886971,"no feedback","emg_bi"
"777",21,2,9,81.6323742,"no feedback","emg_bi"
"778",21,2,10,82.8300082,"no feedback","emg_bi"
"779",21,2,11,82.5371881,"no feedback","emg_bi"
"780",21,2,12,85.1608558,"no feedback","emg_bi"
"781",22,2,1,90.050461,"no feedback","emg_bi"
"782",22,2,2,87.2059105,"no feedback","emg_bi"
"783",22,2,3,95.1135904,"no feedback","emg_bi"
"784",22,2,4,90.0462027,"no feedback","emg_bi"
"785",22,2,5,84.4678178,"no feedback","emg_bi"
"786",22,2,6,86.4308983,"no feedback","emg_bi"
"787",22,2,7,88.2023548,"no feedback","emg_bi"
"788",22,2,8,88.9773671,"no feedback","emg_bi"
"789",22,2,9,87.2186855,"no feedback","emg_bi"
"790",22,2,10,87.1548108,"no feedback","emg_bi"
"791",22,2,11,83.8162965,"no feedback","emg_bi"
"792",22,2,12,87.9724062,"no feedback","emg_bi"
